no,EPS,debt,roa,assets,class
2745,7.87,61.63,21.31,4.01,5
8454,15.1,64.06,13.3,4,6
3048,0.02,83.34,-0.03,3.48,4
6776,5.06,64.66,5.85,3.35,5
6997,4.6,78.03,6.06,3.21,4
8066,0.74,57.75,2.71,3.15,4
8112,4.7,64.32,4.92,3.12,4
8096,-3.08,73.83,-6.32,3.1,3
6248,4.02,50.13,10.36,3.08,4
2450,2.73,34.66,6.63,3.08,4
1232,7.53,32.12,16.14,3.03,5
3209,2.61,73.8,3.06,2.81,4
6721,3.33,49.03,6.93,2.76,4
6669,68.88,52.46,13.69,2.72,7
2731,15.21,59.65,17.6,2.71,6
3709,1.34,72.95,1.28,2.71,4
6118,0.23,64.93,0.69,2.65,4
2743,9.66,65.6,18.02,2.6,5
4967,3.38,74.4,3.58,2.55,4
3036,4.24,72.87,6.4,2.55,4
2414,2.38,49.38,4.5,2.55,4
3046,3.14,49.2,9.1,2.49,4
2945,1.5,67.82,1.42,2.42,4
2751,6.83,57,22.28,2.41,5
9962,1.26,21.1,7.59,2.37,4
2247,22.17,42.44,7.99,2.27,7
5609,7.24,33.13,10.81,2.27,5
6281,5.13,68.6,5.69,2.26,5
8477,-3.53,55.78,-19.88,2.23,3
5386,2.28,47.03,7.5,2.21,4
2734,0.56,64.09,3.04,2.21,4
2356,1.71,74.86,2.88,2.17,4
3702,4.59,73.08,3.2,2.13,4
2324,1.76,69.6,2.25,2.13,4
4938,5.9,60.22,3,2.11,5
M2329,4.24,68.73,4.51,2.11,4
2949,6.29,49.55,7.44,2.11,5
6933,6.88,46.61,7.37,2.07,5
2377,8.92,44.57,8.3,2.06,5
3312,1.98,59.89,4.06,2.03,4
6924,6.31,57.11,15.54,2.02,5
6276,1.88,43.25,10.16,2.01,4
9937,2.53,55.32,6.87,1.99,4
2425,1.68,31.15,8.72,1.99,4
3033,1.85,77.32,2.14,1.97,4
3231,4.08,71.54,4.29,1.96,4
3360,-1.47,62.65,-3.01,1.93,3
2376,7.46,53.82,6.73,1.88,5
6189,4,66.09,5.86,1.87,4
6154,0.73,35.78,2.79,1.86,4
2465,-2.53,61.28,-7.26,1.84,3
2347,4.37,65.23,2.61,1.82,4
5225,8.02,52.62,8.73,1.81,5
6625,6.68,48.4,20.78,1.81,5
4953,8.49,32.7,10.72,1.8,5
2941,4.16,44.25,14.09,1.8,4
7705,3.11,65.52,8.52,1.78,4
1210,4.81,50.92,7.06,1.75,4
3029,4.5,46.28,9.11,1.74,4
4949,3.2,30.5,7.57,1.74,4
2404,24.82,73.25,11.79,1.72,7
6928,3.44,36.77,11.95,1.72,4
6689,2.7,45.2,4.21,1.71,4
3694,2.18,46.55,5.62,1.71,4
6112,3.14,55.79,5.16,1.7,4
6505,2.3,18.01,8.19,1.7,4
6703,14.66,40.37,23.35,1.68,6
9910,5.04,50.53,10.59,1.68,5
1309,-0.69,25.23,-3.99,1.68,3
2345,15.99,55.48,17.42,1.64,6
6285,8.98,55.95,8.39,1.64,5
6227,4.18,64.87,3.93,1.64,4
5014,0.14,70.69,-0.38,1.64,4
5209,12.51,81.31,8.38,1.63,6
O2329,-0.14,50.43,1.94,1.63,3
9105,0.15,69.45,1.57,1.63,4
6123,3.95,48.21,9.52,1.61,4
5434,15.36,51.5,9.24,1.6,6
1225,1.6,54.9,4.49,1.6,4
5278,13.39,66.25,22.6,1.59,6
1219,0.94,54.83,3.21,1.59,4
2616,0.48,53.58,2.91,1.58,4
5262,4.56,49.6,18.92,1.57,4
6469,6,68.89,6.37,1.55,5
2752,14.78,43.47,19.63,1.54,6
2317,10.25,57.2,2.98,1.53,6
1447,-0.51,47.47,-1.47,1.53,3
8044,-5.01,68.85,-1.66,1.53,2
M9700,2.25,22.55,7.87,1.52,4
3028,2.03,72.64,2.58,1.52,4
7708,4.31,52.6,6.9,1.51,4
2643,7.53,38.52,8.23,1.51,5
6728,10.28,48.24,12.88,1.5,6
M2325,5.59,60.45,5.25,1.5,5
2032,-0.16,12.25,-1.14,1.5,3
3479,8.38,37.45,12.53,1.49,5
6470,4.18,33.15,9.69,1.48,4
3693,24.1,59.1,15.4,1.47,7
2727,16.79,69.97,8.88,1.47,6
3147,7.38,57.71,10.66,1.47,5
6122,5.25,54,11.24,1.47,5
1516,0.34,6.88,2.28,1.47,4
4973,3.12,31.31,16.63,1.46,4
2755,4.4,51.63,8.81,1.45,4
2382,10.29,71.9,5.45,1.44,6
1521,0.56,47.18,0.99,1.44,4
6804,3.62,41.8,4.87,1.43,4
3570,11.62,27.18,16.61,1.42,6
6697,2.71,42.32,7.76,1.42,4
6902,0.16,33.46,0.02,1.42,4
6165,0.26,54.67,0.86,1.42,4
1535,4.5,46.51,7.55,1.41,4
3537,2.78,43.58,7.17,1.39,4
4442,1.3,36.27,3.33,1.39,4
8284,4.21,36.61,10.2,1.38,4
2453,2.78,56.31,6.09,1.38,4
5452,0.3,42.21,1.24,1.38,4
2440,-0.99,43.18,-7.57,1.38,3
1313,-0.21,46.01,7.76,1.38,3
6811,12.1,65.09,8.95,1.37,6
6196,10.96,75.94,5,1.37,6
M2331,9.01,55.17,3.33,1.37,5
2430,2.39,67.84,2.02,1.37,4
5388,9.17,72.33,5.01,1.36,5
2013,2.68,62.58,3.39,1.36,4
5902,1.84,23.43,11.22,1.36,4
3454,5.65,43.59,7.56,1.36,5
6150,-2.84,61.93,-3.94,1.36,3
2937,2.81,69.78,3.6,1.35,4
2719,1.53,36.04,12.99,1.35,4
6577,7.11,41.59,13.82,1.34,5
3010,8.96,59.3,6.86,1.34,5
2069,-0.9,56.47,-2.43,1.34,3
6881,10.97,59.83,12.73,1.33,6
5903,7.22,88.58,2.19,1.33,5
2516,0.77,77.21,2.63,1.33,4
1477,16.5,35.97,16.28,1.32,6
2015,4.08,18.92,9.41,1.32,4
1240,4.12,35.2,6.17,1.32,4
2312,0.51,70.39,2.74,1.32,4
3663,0.54,34.43,2.6,1.32,4
6691,20.22,54.06,14.81,1.31,7
5548,2.37,62.55,5.89,1.31,4
3596,10.98,61.35,6.09,1.3,6
3515,7.54,38.21,6.69,1.3,5
6874,4.07,61.73,7.24,1.3,4
6957,18.11,47.33,29.11,1.29,6
2912,10.21,81.41,5.21,1.29,6
4915,5.5,58.98,5,1.29,5
8487,5.98,35.68,17.88,1.28,5
3558,16.88,59.63,6.54,1.28,6
6616,-0.78,45.73,-6.49,1.28,3
4763,62.52,13.97,58.42,1.27,7
6412,8.27,53.97,11.07,1.27,5
8426,6.55,53.42,13.08,1.27,5
8099,2.12,53.76,5.7,1.27,4
5906,3.21,60.45,8.8,1.25,4
1616,1.19,43.81,6.8,1.25,4
3443,26.18,54.06,16.55,1.24,7
8442,10.07,48.38,9.54,1.24,6
9927,5.94,16.67,12.99,1.24,5
3206,4.82,50.42,9.56,1.24,4
2028,1.28,48.42,5.01,1.24,4
3704,3.38,49.13,5.57,1.24,4
8440,1.32,20.71,6.63,1.24,4
6246,-0.38,66.65,-1.65,1.24,3
6409,41.52,43.36,22.52,1.23,7
1264,18.24,19.45,15.71,1.23,6
6291,10.32,31.06,24.06,1.23,6
1473,2.13,31.94,5.79,1.23,4
2916,4.61,28.96,16.46,1.23,4
8271,4.51,29.97,9.67,1.23,4
2432,1.98,31.55,16.34,1.23,4
2753,8.35,44.2,8.97,1.22,5
3434,0.55,36.36,2.91,1.22,4
3323,-3.27,52.4,-4.71,1.22,3
2353,1.64,61.51,6.95,1.21,4
5465,1.96,42.37,6.87,1.21,4
4989,-0.97,21.11,-3.71,1.21,3
5258,8.65,45.27,14.01,1.2,5
1615,3.21,34.4,14.92,1.2,4
6790,3.62,36.15,10.86,1.2,4
6967,4.56,38.41,8.65,1.2,4
1712,2.5,44.27,6.79,1.2,4
8941,6.34,54.86,12.16,1.2,5
1201,0.53,59.55,1.01,1.2,4
3701,1.49,38.73,4.79,1.2,4
2729,12.37,51.03,10.14,1.19,6
6807,4.41,35.16,7.31,1.19,4
OTC38,6.45,77.57,4.82,1.19,5
3689,4.94,34.26,6.74,1.18,4
6751,3.07,32.16,6.92,1.18,4
3661,45.47,44.44,12.65,1.17,7
1580,12.01,25.14,15.59,1.17,6
8048,4.38,27.59,16.82,1.17,4
2546,8.2,61.81,9.05,1.17,5
8043,-0.24,34.4,-0.77,1.17,3
6996,11.74,28.77,19.11,1.16,6
6214,6.02,51.72,4.82,1.16,5
M2330,3.72,48.18,6.5,1.16,4
6670,18.18,37.85,11.03,1.15,6
OTC26,3.23,32.2,7.52,1.15,4
2029,1.95,8.19,5.29,1.15,4
6929,0.37,71.46,0.54,1.15,4
3090,3.39,33.13,8.31,1.14,4
9934,1.52,61.9,3.86,1.14,4
6596,5.94,46.2,15.91,1.13,5
6275,4.08,54.44,8.81,1.13,4
4160,1.12,27.71,17.76,1.13,4
5212,3.36,40.51,13.02,1.13,4
3268,-0.2,46.85,0.41,1.13,3
6121,30.67,47.7,8.35,1.12,7
1537,7.43,26.33,10.64,1.12,5
4439,10.82,36.6,7.99,1.12,6
4721,-0.33,31.89,-1.66,1.12,3
2948,4.26,54.89,5.45,1.12,4
6266,2.15,30.92,9.04,1.12,4
2468,1.12,38.89,3.71,1.12,4
4906,1.55,39.94,-0.28,1.12,4
6241,0.07,28.77,0.53,1.12,4
2385,10.35,49.12,10.28,1.11,6
2227,3.87,21.56,2.87,1.11,4
5520,7.81,30.59,14.13,1.11,5
2439,6.16,58.66,3.78,1.11,5
1341,4.48,37.97,8.46,1.11,4
8390,5.57,13.31,15.88,1.11,5
3380,1.01,43.99,2.39,1.11,4
5348,0.22,31.31,3.71,1.11,4
6139,12.81,71.37,6.98,1.1,6
2480,7.36,50.96,12.3,1.1,5
2006,6.48,44.73,8.56,1.1,5
6968,2.17,74.18,3.6,1.1,4
3232,0.25,46.19,1.01,1.1,4
3168,4.02,29.53,8.62,1.09,4
6190,1.46,47.83,4.38,1.09,4
8088,2.61,14.97,11.95,1.09,4
6113,0.24,50.9,1.86,1.09,4
3034,38.32,35.64,23.57,1.08,7
6890,6.26,29.49,4.83,1.08,5
2206,7.95,59.55,10.92,1.08,5
1215,7.7,62.65,6.6,1.08,5
1259,5.17,59.1,8.26,1.08,5
2014,0.11,50.72,-0.77,1.08,4
6270,0.95,33.95,30.21,1.08,4
5439,5.07,41.93,11.03,1.07,5
3388,3.52,30.62,2.39,1.07,4
8227,4.29,26.28,15.52,1.07,4
2352,1.51,65.98,3.4,1.07,4
2030,0.18,59.42,0.13,1.07,4
8420,-17.4,66.37,-35.54,1.07,1
3078,6.79,40.18,14.56,1.06,5
O2330,3.43,43.88,8.55,1.06,4
6221,2.92,61.85,7.02,1.06,4
4979,3.34,13.75,15.98,1.06,4
8438,1.28,40.04,2.78,1.06,4
2754,4.54,68.58,4.35,1.05,4
OTC36,3.21,60.45,3.24,1.05,4
4720,0.74,50.57,2.03,1.05,4
4931,1.65,22.63,6.69,1.05,4
6160,-0.06,37.13,-0.36,1.05,3
3324,14.28,45.56,10.32,1.04,6
6922,4.51,22.77,10.17,1.04,4
3483,8.03,53.34,7.19,1.04,5
6435,4.03,35.61,9.4,1.04,4
8045,5,43.24,18.27,1.04,4
3088,7.19,38.71,11.33,1.04,5
2421,5.16,42.78,10.41,1.04,5
2387,6.5,46.55,4.96,1.04,5
3038,2.81,36.73,12.74,1.04,4
1227,1.35,31.35,3.78,1.04,4
8183,4.5,48.11,7.97,1.04,4
1725,1.1,37.42,8.17,1.04,4
9907,0.43,38.81,0.34,1.04,4
5276,-0.71,33.4,-9.03,1.04,3
3023,13.71,54.41,9.27,1.03,6
1519,9.87,59.78,18.7,1.03,5
4919,5.77,47.29,5.77,1.03,5
3338,2.78,50.57,5.92,1.03,4
8401,1.81,28.31,7.46,1.03,4
2328,2.42,37.09,5.56,1.03,4
2010,1.35,40.6,4.26,1.03,4
1220,0.76,20.71,4.97,1.03,4
3632,0.11,54.18,1.83,1.03,4
4438,7.1,36.64,5.04,1.03,5
2597,10.28,63.22,8.66,1.02,6
2250,4.07,54.45,2.72,1.02,4
3211,5.23,48.45,4.07,1.02,5
2723,4.2,43.61,3.17,1.02,4
1730,3.65,23.12,9.75,1.02,4
4527,3.39,52.26,7.56,1.02,4
1310,-0.88,26.43,5.97,1.02,3
6220,-3.03,66.17,-4.79,1.02,3
2357,21.44,46.05,8.65,1.01,7
3032,5.41,49.23,8.25,1.01,5
9930,3.38,48.78,6.48,1.01,4
4550,3.26,53.75,6.64,1.01,4
3114,1.55,38.61,6.15,1.01,4
9933,2.39,79.41,2.53,1.01,4
5538,0.67,46.74,0.06,1.01,4
1736,2.34,73.51,0.93,1.01,4
5288,15.6,25.53,13.48,1,6
6197,5.2,34.93,14.17,1,5
OTC12,4.37,28.02,10.88,1,4
6754,4.25,54.58,5.67,1,4
3021,1.34,47.7,3.86,1,4
5878,2.2,31.46,9.53,1,4
8215,1.29,57.41,2.79,1,4
2332,0.95,30.23,3.19,1,4
4414,-0.66,64.39,-3.75,1,3
5283,7.78,34.53,9.24,1,5
6163,0.42,53.5,1.41,1,4
6414,19.01,60.82,4.76,0.99,6
6231,4.86,32.89,13.6,0.99,4
2038,0.28,58.1,0.27,0.99,4
3229,-0.39,32.79,-2.69,0.99,3
1626,0.17,61.98,-0.55,0.99,4
6672,6.08,31,7.7,0.98,5
6737,3.67,55.59,5.6,0.98,4
6230,7.02,44.35,4.26,0.98,5
3043,-0.12,69.24,-0.16,0.98,3
3540,1.4,60.6,1.99,0.98,4
4175,1.13,80.97,0.57,0.98,4
6120,0.17,49.4,-0.02,0.98,4
3557,4.81,52.89,7.43,0.97,4
3611,19.76,39.03,13.91,0.97,6
6180,3.28,41.08,5.49,0.97,4
1256,12.41,12.76,8.36,0.97,6
4760,3.9,29.68,12.49,0.97,4
6482,1.65,30.98,7.42,0.97,4
5243,3.55,38.2,6.39,0.97,4
4116,2.57,53.73,5.65,0.97,4
2022,0.24,22.51,2.03,0.97,4
3202,-0.58,57.73,3.85,0.97,3
8374,-0.19,30.17,-0.55,0.97,3
8996,6.45,44.01,12.37,0.96,5
7715,3.5,66.32,6.28,0.96,4
9924,5.03,26.96,9.4,0.96,5
O2325,4.17,43.83,6.08,0.96,4
3552,4.51,59.07,2.99,0.96,4
3528,1.65,71.59,1.71,0.96,4
6201,4.63,25.55,10.77,0.96,4
5285,1.75,44.54,2.06,0.96,4
5353,2.14,37.7,9.49,0.96,4
6140,0.11,73.68,0.12,0.96,4
3093,2.02,30.56,15.61,0.96,4
6916,1.33,49.28,3.06,0.96,4
8938,0.5,51.49,-2.63,0.95,4
2368,7.25,49.15,10.55,0.95,5
M3600,5.1,53.61,8.77,0.95,5
2395,12.65,29.32,17.49,0.95,6
M2300,7.81,48.13,6.97,0.95,5
1216,3.23,70.68,4.63,0.95,4
3013,1.29,50.05,3.41,0.95,4
6259,1.15,24.08,5.26,0.95,4
8455,-0.06,58.28,-3,0.95,3
4916,0.87,44.89,2.51,0.95,4
3617,16.58,42.99,11.94,0.94,6
1476,18.87,19.36,15.93,0.94,6
3665,14.37,55.02,4.47,0.94,6
6613,14.95,53.85,13.2,0.94,6
3226,4.04,33.69,11.32,0.94,4
2020,4.8,45.56,14.64,0.94,4
M1200,3.78,59.34,5.75,0.94,4
2329,2.66,38.95,12.13,0.94,4
6913,3.05,43.01,5.78,0.94,4
4207,1.25,40.48,5.28,0.94,4
3346,2.83,65.55,2.91,0.94,4
2908,0.52,81.43,0.86,0.94,4
2630,0.31,37.3,1.36,0.94,4
2642,0.99,48.82,3.81,0.94,4
4121,-0.08,54.74,-0.17,0.94,3
3322,0.58,54.75,1.84,0.94,4
3293,45.61,25.86,42.2,0.93,7
2726,-4.06,70.75,-11.95,0.93,3
6903,13.54,27.57,26.55,0.93,6
7703,9.08,25.01,12.7,0.93,5
6143,4.31,39.55,8.33,0.93,4
5234,5.1,32.47,11.48,0.93,5
8916,3.93,29.8,7.04,0.93,4
6151,1.55,40.49,4.08,0.93,4
4413,0.58,28.39,3.56,0.93,4
6456,-8.11,52.92,-4.63,0.93,2
911622,0.21,19.01,1.07,0.93,4
2379,17.85,54.98,8.98,0.92,6
5536,15.03,52.57,10.69,0.92,6
6245,7.57,37.75,10.61,0.92,5
1231,3.93,55.57,8.22,0.92,4
1817,3.27,24.27,6.57,0.92,4
7707,4.32,41.24,22.64,0.92,4
6680,3.29,32.48,10.01,0.92,4
3652,0.54,23.76,1.65,0.92,4
6865,1.96,45.99,5,0.92,4
5011,1.51,49.76,3.9,0.92,4
9942,11.77,25.08,18.23,0.91,6
2308,12.86,46.97,8.65,0.91,6
9911,4.9,36.67,12.33,0.91,4
6716,2,36.96,3.23,0.91,4
9951,5.77,38.31,8.32,0.91,5
8240,2.05,45.67,2.96,0.91,4
4304,-3.35,80.63,-24.11,0.91,3
3017,14.11,63.93,8.24,0.9,6
6138,7,32.37,9.8,0.9,5
6278,8.57,59.2,4.35,0.9,5
6761,4.04,49.16,5.17,0.9,4
2634,2.36,61.02,5.26,0.9,4
2482,2.4,22.09,18.87,0.9,4
6494,1.8,19.89,3.84,0.9,4
2497,1.89,50.18,5.37,0.9,4
5013,1.93,44.05,4.14,0.9,4
5410,2.12,50.95,5.44,0.9,4
4968,-2.46,30.73,-6.74,0.9,3
9110,0.06,51.8,0.22,0.9,4
3592,19.02,42.49,6.77,0.89,6
5289,12.98,23.7,12.36,0.89,6
1294,7.66,56.88,21.01,0.89,5
1475,7.9,21.78,19.19,0.89,5
6290,4.17,29.05,7.34,0.89,4
3035,6.39,26.56,15.93,0.89,5
1514,3.08,57.85,5.95,0.89,4
2392,3.09,65.18,1.31,0.89,4
1541,1.46,51.96,3.01,0.89,4
1233,1.06,37.25,3.28,0.89,4
1714,0.6,28.1,1.9,0.89,4
2413,0.84,58.37,0.87,0.89,4
8047,-1.39,18.15,-10.24,0.89,3
5904,24.41,75.44,10.07,0.88,7
3213,7.85,26.8,9.98,0.88,5
2458,7.53,34.18,15.39,0.88,5
8342,4.71,46.11,10.24,0.88,4
6263,8.12,24.89,24.11,0.88,5
3005,6.17,43.16,9.86,0.88,5
M3800,5.51,39.44,9.67,0.88,5
4974,5.64,22.35,9.47,0.88,5
7584,5.94,32.87,12.98,0.88,5
2732,6.42,55.98,6.91,0.88,5
2364,3.51,67.24,8.32,0.88,4
4767,2.58,37.07,4.97,0.88,4
4183,0.88,43.66,3.92,0.88,4
3325,-0.28,48,0.84,0.88,3
8071,-0.82,56.41,-2.67,0.88,3
3447,-0.86,57.3,-2.02,0.88,3
2640,7.08,41.52,12.33,0.87,5
4557,9.02,45.51,8.7,0.87,5
2758,6.28,80.47,4.58,0.87,5
3430,3.57,28.85,8.17,0.87,4
2351,4.08,41.4,6.06,0.87,4
4535,2.4,14.99,7.59,0.87,4
1617,0.09,36.57,-0.9,0.87,4
2444,-0.16,52.4,-0.62,0.87,3
3548,8.69,48.18,4.95,0.86,5
9921,8.68,57.07,3.9,0.86,5
OTC27,2.44,59.66,5.12,0.86,4
6671,2.89,22.2,6.75,0.86,4
6861,3,43.36,4.93,0.86,4
6432,1.19,39.3,2.19,0.86,4
3019,2.78,29.2,4.7,0.86,4
3171,2.08,28.91,7.91,0.86,4
2402,1.56,38.65,3.6,0.86,4
8032,1.18,36.13,3.75,0.86,4
3646,1.35,39.61,6.51,0.86,4
2221,2.05,36.87,6,0.86,4
6229,0.05,48.32,2.31,0.86,4
6166,1.51,58.23,2.21,0.86,4
5321,1.66,78.39,3.15,0.86,4
4766,20.14,38.53,-0.24,0.85,7
2383,16.35,49.82,10.69,0.85,6
8464,18.73,25.09,18.63,0.85,6
8016,15.5,25.47,13.3,0.85,6
3218,12.34,34.84,21.9,0.85,6
4728,11.49,33.95,31.28,0.85,6
8210,9.03,60.12,8.45,0.85,5
1788,8.01,35.38,7.56,0.85,5
2636,10.76,45.76,6.13,0.85,6
3711,7.39,52.28,5.01,0.85,5
3026,5.13,33.25,4.21,0.85,5
1785,1.83,51.03,3.88,0.85,4
1336,1.39,32.84,2.27,0.85,4
6936,1.38,23.02,6.38,0.85,4
1732,-0.14,26.85,-0.82,0.85,3
2331,1.82,47.62,4.1,0.85,4
3058,0.28,63.78,1.98,0.85,4
3260,5.21,65.16,3.83,0.84,5
6556,6.17,33.43,8.06,0.84,5
2066,8.08,44.45,10.08,0.84,5
3014,9.86,21.77,26.88,0.84,5
6637,5.66,34.86,14.6,0.84,5
4994,1.69,29.38,8.07,0.84,4
M3700,6.03,44.91,6.95,0.84,5
3045,4.33,61.56,6.55,0.84,4
4205,3.91,17.47,14.84,0.84,4
2313,3.5,50.38,4.72,0.84,4
6844,6.21,34.48,4.83,0.84,5
8155,4.08,36.19,5.93,0.84,4
2103,0.82,45.24,4.73,0.84,4
2399,-0.64,23.08,-3.64,0.84,3
1614,1.24,18.92,4.54,0.84,4
3550,-4.14,64.81,-9.33,0.84,3
5292,9.75,47.26,12.01,0.83,5
4754,2.25,40.8,8.65,0.83,4
2489,0.58,33.79,2.41,0.83,4
2397,3.16,45.25,3.6,0.83,4
6242,4.14,23.82,14.05,0.83,4
8908,1.83,55.46,6.33,0.83,4
3285,0.66,27.58,3.74,0.83,4
3628,1.95,49.18,1.17,0.83,4
2061,-0.54,51.67,-2.68,0.83,3
OTC16,-0.54,51.67,-2.68,0.83,3
2419,0.02,42.69,1.73,0.83,4
6109,0.28,31.77,0.93,0.83,4
2429,-0.56,46.32,-7.72,0.83,3
3321,-4.01,66.37,-15.16,0.83,3
4807,-4.12,32.55,-11.41,0.83,3
8433,9.35,51.42,10.93,0.82,5
8416,10.23,21.58,16.24,0.82,6
6203,7.58,28.13,15.08,0.82,5
1342,7.52,30.99,16.99,0.82,5
6274,3.05,40.37,3.26,0.82,4
6791,3.87,38.38,10.96,0.82,4
1618,2.01,18.01,15.74,0.82,4
5425,2.89,39.02,7.03,0.82,4
4106,1.51,27.41,6.19,0.82,4
2543,2.15,77.36,4.18,0.82,4
3673,0.51,57.93,-0.21,0.82,4
6418,1.38,49.55,4.37,0.82,4
6204,17.91,33.93,89.22,0.82,6
2457,0.68,39.66,1.49,0.82,4
3607,-0.36,38.23,-2.28,0.82,3
5516,-3.75,82.92,-5.28,0.82,3
8081,17.33,19.94,20.92,0.81,6
9802,7.87,33.78,5.78,0.81,5
1726,5.13,15.32,6.81,0.81,5
4987,4.54,21,10.61,0.81,4
3118,1.94,33.21,7.61,0.81,4
8049,3.39,13.94,18.08,0.81,4
5543,-2.57,70.02,-3.98,0.81,3
6148,1.64,51.3,6.88,0.81,4
6158,1.43,50.32,2.08,0.81,4
3664,-0.52,60.87,-3.76,0.81,3
3529,19.76,18.73,38.26,0.8,6
2228,6.78,28.88,8.21,0.8,5
3163,5.63,26.52,12.26,0.8,5
6846,5.04,31.38,13.09,0.8,5
6235,4.17,52.19,10.55,0.8,4
6542,2.43,15.25,10.84,0.8,4
OTC37,-0.19,49.27,-0.39,0.8,3
2756,4.56,36.87,12.24,0.8,4
4923,0.2,13.72,0.7,0.8,4
1781,-0.7,52.82,-4.93,0.8,3
2236,2.99,36.72,5.12,0.8,4
2034,-0.38,51.13,-7.06,0.8,3
6869,8.77,52.59,11.97,0.8,5
1305,0.59,42.38,2.07,0.8,4
1413,-1.01,53.28,-5.3,0.8,3
6629,4.66,28.06,11.73,0.79,4
6538,9.11,31.88,12.05,0.79,5
6690,8.66,48.64,7.93,0.79,5
6486,6.26,42.73,9.22,0.79,5
1515,1.7,58.51,3.69,0.79,4
5511,10.14,56.23,8.55,0.79,6
6527,4.13,20.53,9.87,0.79,4
3303,2.21,36.19,6.53,0.79,4
8358,2.11,24.32,6.83,0.79,4
8905,2.5,18.15,9.39,0.79,4
5309,1.41,37.66,5.28,0.79,4
3128,0.9,46.9,3.4,0.79,4
5315,0.85,17.61,6.67,0.79,4
1455,-0.45,38.83,-2.36,0.79,3
3294,-1,60.69,-2.71,0.79,3
2023,-0.55,66.85,-1.44,0.79,3
2204,10.36,21.58,11.37,0.78,6
6720,1.96,34.21,8.77,0.78,4
6835,3.57,43.39,7.85,0.78,4
2423,2.95,27.77,10.22,0.78,4
6843,4.06,36.81,10.96,0.78,4
3492,0.63,39.54,1.51,0.78,4
8084,1.58,50.79,12.34,0.78,4
4139,-1,70.13,-1.26,0.78,3
8299,18.48,34.13,5.54,0.77,6
6732,13.81,26.02,12.74,0.77,6
3044,11.53,42.95,6.93,0.77,6
6805,10.18,48.54,8.02,0.77,6
7712,4.47,40.49,7.36,0.77,4
6757,4.27,76.56,11.22,0.77,4
6442,2.53,38.74,5.85,0.77,4
5007,3.38,16.76,11.54,0.77,4
O2331,3.58,47.38,6.45,0.77,4
3531,2.43,27.85,4.7,0.77,4
6982,2.07,68.05,3.96,0.77,4
4432,1.92,13.45,5.74,0.77,4
3684,1.17,36.15,3.38,0.77,4
6104,1.07,42.14,3.25,0.77,4
9905,1.45,27.33,3.82,0.77,4
1324,0.53,19.85,2.72,0.77,4
3710,-0.78,74,-3.66,0.77,3
3653,16.59,22.13,14.57,0.76,6
Y8888,4.85,49.67,5.6,0.76,4
8924,4.85,26.7,6.6,0.76,4
2301,6.36,54.98,7.15,0.76,5
6416,4.4,33.91,5.74,0.76,4
3305,1.74,42.07,2.57,0.76,4
6243,1.5,28.54,5.75,0.76,4
2106,0.92,55.24,1.43,0.76,4
2462,1.86,43.98,4.56,0.76,4
6269,6.45,32.85,4.33,0.76,5
3276,0.79,45.65,1.9,0.76,4
6419,1.48,34.73,4.21,0.75,4
6667,7.17,53.68,9.97,0.75,5
1582,5.12,41.59,4.57,0.75,5
9904,3.61,38.13,8.32,0.75,4
1702,4.2,58.58,3.22,0.75,4
8928,-0.71,69.57,-1,0.75,3
4305,2.91,12.51,12.67,0.75,4
3287,0.92,34.77,7.16,0.75,4
5706,2.44,53.49,8.79,0.75,4
8482,2.87,27.75,5.51,0.75,4
4722,1.67,37.84,3.56,0.75,4
8163,5.91,54.79,8.3,0.75,5
6156,1.95,53.8,3.26,0.75,4
6213,1.86,41.76,1.21,0.75,4
8105,0.53,32.27,1.87,0.75,4
6167,1.25,15.96,8.24,0.75,4
6692,0.23,62.3,0.48,0.75,4
1268,7.61,69.23,6.47,0.74,5
4580,7.68,36.14,9.09,0.74,5
1522,3.31,63.17,3.89,0.74,4
6569,7.65,25.76,12.66,0.74,5
6517,3.88,17.42,16.99,0.74,4
1723,6.18,27.84,12.27,0.74,5
8424,4.24,14.24,11.85,0.74,4
3715,3.61,69.22,4.54,0.74,4
M2327,3.78,43.37,6.08,0.74,4
6115,2.82,38.64,5.36,0.74,4
2063,4.95,46.07,12.89,0.74,4
2355,1.92,29.19,2.59,0.74,4
5493,6.52,46.38,10.88,0.74,5
1612,1.99,11.1,11.02,0.74,4
1709,0.88,31.73,4.22,0.74,4
8463,0.77,64.92,2.75,0.74,4
5016,0.93,45.22,1.54,0.74,4
1218,-0.17,11.66,-1.36,0.74,3
6988,0.01,36.77,-0.51,0.74,4
1454,0.16,21.67,1.53,0.74,4
1451,-1.83,14.01,-3.25,0.74,3
8034,1.51,20.06,10.37,0.74,4
4558,0.01,58.83,0.01,0.74,4
6152,-0.12,45.72,-1.19,0.74,3
2911,-3.83,76.7,-12.51,0.74,3
6526,6.47,17.9,4.91,0.73,5
6438,8.89,48.56,8.22,0.73,5
2065,5.12,50.08,9.51,0.73,5
8940,1.58,62.26,5.52,0.73,4
6188,4,32.67,8.24,0.73,4
2488,4.39,28.53,9.94,0.73,4
6161,2.3,20.09,9.03,0.73,4
1608,2.23,34.7,6.89,0.73,4
6641,1.28,39.4,0.45,0.73,4
O2327,2.01,35.76,6.09,0.73,4
4148,2.18,23.4,2.05,0.73,4
1605,1.32,42.02,4.82,0.73,4
3564,0.45,48.29,0.89,0.73,4
2906,0.57,43.03,3.46,0.73,4
8234,1.27,52.36,2.54,0.73,4
3543,0.88,31.41,0.46,0.73,4
6651,5.48,41.31,10.03,0.72,5
2459,5.46,43.53,5.16,0.72,5
3402,5.46,69.58,6.35,0.72,5
1472,4.27,46.6,5.18,0.72,4
4563,2.02,62.93,3.55,0.72,4
6195,2.06,61.43,3.37,0.72,4
OTC20,2.23,51.53,5.1,0.72,4
6570,2.92,31.05,8.01,0.72,4
2027,2.3,44.88,4.16,0.72,4
4153,1.25,16.96,6.03,0.72,4
1717,1.28,56.92,1.73,0.72,4
5457,1.04,59.66,2.56,0.72,4
3581,0.55,50.18,3.06,0.72,4
2380,-1.88,67.86,-15.81,0.72,3
8489,-0.98,59.62,0.29,0.72,3
1599,-0.06,32.33,0.05,0.72,3
9939,8.6,56.51,6.14,0.71,5
3546,4.24,21.61,14.82,0.71,4
6768,2.78,31.79,2.16,0.71,4
4581,6,39.34,11.17,0.71,5
4995,3.61,44.64,8.79,0.71,4
6277,4.73,32.23,7.86,0.71,4
3556,0.97,20.37,3.69,0.71,4
6509,2.48,38.62,6.39,0.71,4
3317,2.95,19,6.1,0.71,4
4952,1.54,24.33,5.18,0.71,4
5371,3.56,53.87,3.96,0.71,4
M1600,1.98,42.95,5.5,0.71,4
1735,0.76,54.58,1.72,0.71,4
6288,0.05,54.82,0.01,0.71,4
6443,1.07,36.61,4.51,0.71,4
3465,0.36,48.11,-0.29,0.71,4
3623,-0.34,25.18,-0.97,0.71,3
1466,-1.36,58.04,-4.4,0.71,3
3205,-1.69,20.73,11.17,0.71,3
6485,2,16.6,3.77,0.71,4
2454,48.51,41.07,13.51,0.7,7
6515,13.52,28.43,8.68,0.7,6
6223,13.92,38.74,11.88,0.7,6
6176,11.35,43.66,7.94,0.7,6
1319,5.1,26.06,9.33,0.7,5
1707,9.81,25.03,13.85,0.7,5
1773,6.31,39.92,11.19,0.7,5
2493,6.03,39.79,14.43,0.7,5
8349,3.03,65.43,2.24,0.7,4
8435,4.37,20.05,13.35,0.7,4
2947,2.32,75.41,1.58,0.7,4
1474,-0.34,46,-1.49,0.7,3
5450,0.1,51.42,1.79,0.7,4
1733,1.16,21.77,4.95,0.7,4
8272,4.79,34.53,13.49,0.7,4
1776,0.39,41.09,1.16,0.7,4
6574,2.12,24.04,5.83,0.7,4
2461,0.66,48.82,-1.72,0.7,4
4745,0.63,24.26,0.7,0.7,4
2464,0.89,64.77,1.59,0.7,4
6134,-0.67,39.96,-1.37,0.7,3
1528,-0.08,55.1,0.28,0.7,3
8040,-1.77,21.34,-11.72,0.7,3
3533,50.65,22.58,15.17,0.69,7
M2328,6.59,46.95,5.86,0.69,5
3545,1.74,49.53,1.62,0.69,4
4532,1.5,56.06,2.59,0.69,4
7402,1.38,13.35,5.62,0.69,4
4127,0.39,24.62,2.68,0.69,4
6593,2.08,30.17,4.42,0.69,4
8488,-1.75,55.45,-2.86,0.69,3
3011,-1.17,47.16,-8.49,0.69,3
1304,-0.19,35.81,-2.72,0.69,3
5383,-1.46,59.93,-5.76,0.69,3
6862,9.02,47.19,16.34,0.68,5
3130,13.61,53,13.16,0.68,6
6953,8.36,61.01,12.89,0.68,5
3416,6.62,20.99,13.95,0.68,5
2393,3.32,27.62,5.06,0.68,4
9914,5.66,43.47,4.85,0.68,5
6643,12.6,13.93,18.27,0.68,6
6525,4.39,32.4,7.97,0.68,4
3484,1.55,44.75,1.96,0.68,4
6752,6.14,56.21,9.42,0.68,5
7704,3.55,18.88,9.42,0.68,4
3444,2.16,24.04,5.55,0.68,4
4552,3.46,19.27,3.9,0.68,4
2012,0.91,58.26,3,0.68,4
3605,-1.98,57.09,-2.51,0.68,3
6282,0.07,51.19,0.1,0.68,4
4735,1.17,28.31,2.93,0.68,4
2369,-0.42,28.49,-1.87,0.68,3
8201,-1.14,28.38,-9.85,0.68,3
9912,-0.59,43.29,-6.58,0.68,3
3413,20.48,40.1,10.21,0.67,7
4771,10.77,54.38,16.58,0.67,6
3587,10.81,40.05,8.64,0.67,6
M2900,2.81,63.56,4.66,0.67,4
6546,4.19,35.67,8.73,0.67,4
1808,17.08,68.24,16.98,0.67,6
8147,2.55,40.46,4.69,0.67,4
2105,2.22,39.26,4.29,0.67,4
2367,-0.51,54.16,-3.11,0.67,3
4706,0.07,8.74,0.67,0.67,4
1701,1.08,41.93,2.17,0.67,4
5603,1.93,31.86,7.63,0.67,4
8289,1.29,26.23,3.1,0.67,4
M2000,0.96,48.43,2.54,0.67,4
1598,-0.88,57.73,-0.98,0.67,3
4924,-1.15,53.15,-6.98,0.67,3
8443,0.25,52.71,0.97,0.67,4
6108,0.34,59.96,0.3,0.67,4
1796,3.01,24.04,10.51,0.67,4
5521,0.14,38.27,1.44,0.67,4
4934,-0.13,24.61,-6.91,0.67,3
6146,14.32,24.32,19.79,0.66,6
2233,8.86,30.65,9.8,0.66,5
4571,5.18,25.34,6.12,0.66,5
1560,5.91,34.38,9,0.66,5
2645,4.95,43.68,7.86,0.66,4
3374,5.07,20.47,14.15,0.66,5
6117,1.02,66.61,2.26,0.66,4
4755,4.41,42.93,5.54,0.66,4
6799,5.42,13.1,14.05,0.66,5
6128,3.4,49.51,5.72,0.66,4
O2328,1.71,43.44,3.76,0.66,4
9935,0.6,66.12,1.08,0.66,4
9950,6.08,69.61,23.09,0.66,5
6294,9.46,48.86,15.98,0.66,5
6179,0.5,59.43,0.99,0.66,4
3511,-1.04,20.88,-3.17,0.66,3
4927,-4.2,61.67,-3.76,0.66,3
6279,9.24,47.27,7.28,0.65,5
4961,13.29,14.78,8.77,0.65,6
6192,8.17,40.65,7.36,0.65,5
6914,9.11,68.64,8.29,0.65,5
9917,5.85,51.37,10.11,0.65,5
1307,1.91,42.79,5.02,0.65,4
4129,4.5,43.99,6.39,0.65,4
8930,3.12,34.73,10.71,0.65,4
6183,3.2,29.16,14.01,0.65,4
4588,4.03,66.32,9.84,0.65,4
3015,3.2,28.17,8.29,0.65,4
4545,1.08,39.2,2.54,0.65,4
2427,1.36,54.41,5.56,0.65,4
8213,4.03,48.15,2.75,0.65,4
2239,1.41,54.48,-0.26,0.65,4
2073,0.49,44.35,1.73,0.65,4
1587,0.61,58.85,1.31,0.65,4
1909,-0.77,68.45,-2.3,0.65,3
2486,0.92,43.78,2.08,0.65,4
2485,-0.23,27.35,-3.56,0.65,3
6523,9.43,16.49,22.31,0.64,5
2707,11.11,53.46,14.25,0.64,6
3004,5.77,54.11,6.18,0.64,5
8114,5.55,57.41,4.7,0.64,5
6590,6.08,32.22,13.92,0.64,5
6191,6.73,44.65,10.68,0.64,5
4958,6.55,44.67,3.44,0.64,5
2373,4.86,51.46,5.48,0.64,4
6114,-0.63,44.35,-1.45,0.64,3
1203,1.8,33.13,7.32,0.64,4
6792,4.18,17.25,12.41,0.64,4
4568,1.06,31.39,1.7,0.64,4
3624,2.23,14.54,6.46,0.64,4
6506,0.01,49.81,-0.85,0.64,4
3296,-0.91,45.91,-4.57,0.64,3
8411,0.15,53.57,-0.78,0.64,4
2409,-2.37,56.88,-4.95,0.64,3
2740,-2.15,43.97,-19.67,0.64,3
3666,-5.64,40.83,-26.3,0.64,2
8478,23.66,46.6,20.5,0.63,7
6579,8.42,15.69,9.57,0.63,5
5287,12.74,42.89,20.06,0.63,6
6753,5.43,66.55,7.31,0.63,5
3501,4.29,20.74,4.98,0.63,4
4126,5.8,24.8,11.38,0.63,5
OTC23,3.54,44.92,6.39,0.63,4
5704,2.98,24.84,15.41,0.63,4
3332,2.98,22.44,5.78,0.63,4
M1721,2.74,39.27,4.82,0.63,4
8039,2.02,38.08,4.08,0.63,4
3426,2.36,31.11,4.93,0.63,4
9960,2.52,49.9,8.04,0.63,4
2610,1.13,73.4,2.24,0.63,4
3221,-0.13,29.26,-2.61,0.63,3
3311,1.75,22.07,2.46,0.63,4
6224,1.24,34.99,-1.13,0.63,4
5471,1.11,13.3,9.17,0.63,4
OTC33,0,26.87,-0.16,0.63,3
6785,6.71,7.82,51.16,0.63,5
4960,-0.99,35.41,-4.27,0.63,3
3236,0.36,52.47,0.65,0.63,4
6129,0.33,11.92,1.97,0.63,4
3006,-4.36,45.18,-6.34,0.63,3
2035,-3.22,72.33,-6.47,0.63,3
6457,-3.2,19.59,-10.43,0.63,3
2207,41.03,79.33,6.42,0.62,7
4536,15.58,38.48,9.6,0.62,6
1503,4.51,38.32,10.8,0.62,4
6715,6.38,20.24,9.26,0.62,5
6194,2.84,17.15,5.66,0.62,4
6170,2.74,52.63,7.4,0.62,4
2535,3.77,61.39,5.19,0.62,4
2618,4.01,64.56,7.2,0.62,4
4912,4.18,51.62,2.98,0.62,4
3257,3.12,11.56,15.48,0.62,4
5015,1.34,45.27,3.32,0.62,4
6175,2.08,35.01,4.47,0.62,4
OTC15,2.07,45.5,4.81,0.62,4
1609,3.91,64.51,7.74,0.62,4
5291,0.34,34.72,0.72,0.62,4
3060,-1.57,39.38,-7.15,0.62,3
3071,1.21,52,2.51,0.62,4
3541,-5.54,64.85,-14.16,0.62,2
8933,-0.97,59.65,-4.34,0.62,3
6209,-0.29,25.96,-1.6,0.62,3
3593,-0.75,67.35,-4.88,0.62,3
1538,-0.64,34.1,-11.77,0.62,3
5227,-7,42.47,-39.54,0.62,2
4966,25.73,16.12,8.74,0.61,7
6904,10.21,40.18,11.19,0.61,6
6239,10.72,37.83,8.14,0.61,6
2031,5.15,57.45,9,0.61,5
2472,5.6,28.86,7.15,0.61,5
M2700,2.96,47.37,9.24,0.61,4
4549,4.89,20.1,11.8,0.61,4
6873,8.36,55.29,8.32,0.61,5
4417,3.69,33.45,5.67,0.61,4
5432,1.41,10.51,6.83,0.61,4
3588,0.5,12.52,1.19,0.61,4
6821,1.69,31.85,5.15,0.61,4
3577,1.28,24.08,5.44,0.61,4
3527,-0.28,12.13,-0.73,0.61,3
1710,0.3,56.41,-1.61,0.61,4
5392,0.33,51.26,1.35,0.61,4
3419,-1,35.14,-6.49,0.61,3
3047,-0.15,53.38,-2.92,0.61,3
2067,-0.76,77.65,-3.02,0.61,3
5274,26.66,15.63,19.23,0.6,7
8467,7.69,40.43,9.52,0.6,5
6449,3.73,40.79,7.99,0.6,4
1558,3.81,28.21,4.35,0.6,4
2455,2.43,32.95,9.17,0.6,4
3705,3.11,31.25,7.19,0.6,4
OTC88,2.79,47.7,5.34,0.6,4
2062,1.57,42.77,2,0.6,4
4554,1.06,28.65,4.3,0.6,4
6208,3.02,50.98,5.72,0.6,4
5523,3.73,34.37,10.49,0.6,4
1604,2,45.33,4.44,0.6,4
8476,4.49,31.45,14.13,0.6,4
6548,1.67,48.25,9.76,0.6,4
8931,2.32,52.47,6.65,0.6,4
1323,0.92,46.56,2.83,0.6,4
1904,0.83,57.95,2.35,0.6,4
8421,-0.45,53.77,-0.5,0.6,3
1711,0.16,32.9,0.71,0.6,4
4711,0.3,17.12,1.63,0.6,4
6658,0.99,47.38,2.44,0.6,4
1727,0.39,35.34,2.2,0.6,4
3685,-0.77,42.58,-2.44,0.6,3
3437,-0.7,22.96,-2.55,0.6,3
6472,30.2,53.03,12.99,0.59,7
8083,6.79,36.04,12.8,0.59,5
3217,8.11,19.31,16.35,0.59,5
8279,10.14,31.38,8.92,0.59,6
4933,4.22,22.41,6.9,0.59,4
6206,3.51,16.49,8.27,0.59,4
2476,3.54,31.26,7.6,0.59,4
6504,1.65,66.28,0.7,0.59,4
6739,2.56,26.98,11.39,0.59,4
8932,1.33,42.5,5.04,0.59,4
1539,0.96,37.19,2.47,0.59,4
6615,0.54,19.39,1.51,0.59,4
1760,0.9,40.93,2.38,0.59,4
4930,3.61,47.28,4.31,0.59,4
4111,1.21,30.97,3.66,0.59,4
1326,1.46,32.19,3.22,0.59,4
2471,3.66,37.38,12.04,0.59,4
3669,2.69,25.06,12.88,0.59,4
1464,0.13,63.18,0.45,0.59,4
6609,1.8,42.37,2.74,0.59,4
1905,-0.53,50.65,-0.9,0.59,3
3504,-2.52,36.48,-5.96,0.59,3
6491,22.83,27.99,14.2,0.58,7
4770,21.22,25.35,16.77,0.58,7
6803,16.36,47.9,10.54,0.58,6
OTC32,6.33,50.64,10.26,0.58,5
OTC13,3.64,54.54,15.4,0.58,4
6284,5.01,42.79,6.74,0.58,5
8103,2.76,38.78,3.12,0.58,4
6620,5.41,9.25,37.3,0.58,5
OTC99,2.76,49.08,5.26,0.58,4
1752,1.96,38.36,5.33,0.58,4
2109,1.51,36.66,7.29,0.58,4
3138,4.42,46.89,6.34,0.58,4
1584,3.01,29.49,10.99,0.58,4
3016,0.57,28.11,2.36,0.58,4
3520,0.06,44.66,0.02,0.58,4
3207,1.75,32.86,4.71,0.58,4
5488,0.41,41.08,1.06,0.58,4
8176,0.08,28.48,-0.25,0.58,4
6695,-0.68,9.42,-2.91,0.58,3
4903,0.28,16.34,1.94,0.58,4
6292,5.52,51.45,10.65,0.57,5
5312,6.96,58.48,9.29,0.57,5
6788,7.82,34.18,10.94,0.57,5
5403,8.37,45.38,13.34,0.57,5
2496,5.48,37.46,7.71,0.57,5
4506,5.06,44.14,9.57,0.57,5
4105,4.54,34.11,11.56,0.57,4
4942,4.32,19.46,4.99,0.57,4
8432,1.61,9.55,7.4,0.57,4
6693,0.36,27.94,0.92,0.57,4
6568,1.38,11.96,2.28,0.57,4
4533,1.34,57.35,3.35,0.57,4
M1700,2.89,38.66,5.34,0.57,4
6417,4.02,44.04,6.75,0.57,4
4542,1.68,52.87,3.88,0.57,4
OTC86,1.83,51.82,3.78,0.57,4
6514,2.79,21.7,8.59,0.57,4
3567,3.01,10.7,14.97,0.57,4
1470,0.58,13.98,4.45,0.57,4
3178,4.52,55.24,7.87,0.57,4
8929,-0.46,32.52,-0.75,0.57,3
3059,1.27,42.42,1.86,0.57,4
M1900,0.43,54.28,1.38,0.57,4
6101,0.55,5.08,5.33,0.57,4
M2326,-0.55,40.32,-1.24,0.57,3
1460,-1.8,52.47,-8.69,0.57,3
8080,0.27,43.13,0.08,0.57,4
6661,-0.11,45.22,-1.62,0.57,3
3707,0.2,35.81,1.27,0.57,4
8431,0.59,31.93,1.28,0.57,4
3481,-2.01,35.98,-5.46,0.57,3
3162,1.01,60.05,2.5,0.57,4
3272,-6.13,63.03,-7.96,0.57,2
6605,14.29,45.17,7.04,0.56,6
6683,13.07,13.87,14.05,0.56,6
3526,11.68,40.56,15.03,0.56,6
4749,3.91,44.97,6.62,0.56,4
5236,7.36,14.35,14.9,0.56,5
3042,5.53,36.92,8.07,0.56,5
1720,4.67,27.27,11.85,0.56,4
6937,5.02,24.54,8.51,0.56,5
4945,2.12,10.54,8.43,0.56,4
6829,3.51,19.11,8.56,0.56,4
5469,5.07,43.25,8.55,0.56,5
6532,3.59,14.41,10.91,0.56,4
4741,2.02,19.16,4.83,0.56,4
5215,2.75,20.58,2.98,0.56,4
6925,2.03,18.9,12.25,0.56,4
3290,1.14,41.48,2.64,0.56,4
3450,-0.52,33.4,0.95,0.56,3
5220,0.95,40.51,2.69,0.56,4
3597,0.25,46.57,0.32,0.56,4
5546,-4.58,62.73,-6.61,0.56,3
4939,0.37,42.58,0.78,0.56,4
4502,0.15,74.75,0.51,0.56,4
2929,-0.63,31.15,-2.86,0.56,3
8046,9,31.99,7.64,0.56,5
6624,1.2,64.91,2.35,0.56,4
3349,-2.37,41.21,-12.47,0.56,3
6767,0.05,25.47,0.29,0.56,4
3219,0.41,26.42,1.48,0.56,4
2314,-2.6,65.65,-9.94,0.56,3
1565,10.83,20.87,6.84,0.55,6
6585,6.01,38.28,8.12,0.55,5
3022,7.83,29.49,10.48,0.55,5
2360,9.45,32.75,11.87,0.55,5
8410,5.33,26.38,9.13,0.55,5
3675,6.73,50.08,10.6,0.55,5
4138,6.37,44.62,9.44,0.55,5
5356,5.48,24.04,8.68,0.55,5
8436,7.73,29.95,6.23,0.55,5
3362,2.83,55.27,5.31,0.55,4
4584,3.28,49.9,4.41,0.55,4
2441,3.51,12.16,11.15,0.55,4
2762,3.5,86.19,2.03,0.55,4
8131,1.2,10.98,3.96,0.55,4
6756,2.62,20.81,4.82,0.55,4
4102,1.48,28.53,5.94,0.55,4
3025,3,34.4,17.24,0.55,4
2374,0.96,25.47,3.16,0.55,4
4161,1.68,44.97,4.65,0.55,4
1586,-0.67,64.2,-1.95,0.55,3
5381,0.05,62.88,10.42,0.55,4
8121,-0.81,49.24,-5.58,0.55,3
4943,-2.84,94.28,-9.38,0.55,3
5230,0.07,52.26,-0.93,0.55,4
5340,0.13,15.26,1.18,0.55,4
6558,-0.48,31.86,-2.63,0.55,3
8092,0.03,43.3,0.24,0.55,4
3363,0.13,11.61,-1.85,0.55,4
4526,0.2,59.7,0.88,0.55,4
1721,-1.5,43.4,-6.88,0.55,3
5284,8.33,47.83,10.39,0.55,5
8444,-6.98,82.34,-6.58,0.55,2
3406,27.25,49.59,6.94,0.54,7
1795,15.72,47.46,13.64,0.54,6
3356,3.2,17.52,12.37,0.54,4
M2200,5.72,59.8,4.14,0.54,5
4551,4.47,37.86,3.3,0.54,4
5474,5.07,19.11,9.05,0.54,5
OTC35,4.71,43.73,7.38,0.54,4
4935,2.57,19.93,2.61,0.54,4
6952,1.23,40.6,3.42,0.54,4
6906,3.6,23.06,15.65,0.54,4
1784,1.67,26.67,3.84,0.54,4
2115,1.76,36.01,2.49,0.54,4
M2100,1.08,42.59,3.87,0.54,4
1109,2.01,13.6,6.23,0.54,4
6126,1.52,33.42,3.54,0.54,4
1467,-0.71,64.89,-3.65,0.54,3
6603,0.13,67.31,-0.27,0.54,4
6218,0.44,46.76,1.83,0.54,4
2064,-1.36,60.14,-3.53,0.54,3
8921,-0.1,20.41,4.26,0.54,3
4530,-1.26,27.1,-20.04,0.54,3
3379,-0.12,53.14,9.95,0.54,3
8093,-1.67,51.26,-13.05,0.54,3
6217,-0.37,44.5,-0.69,0.54,3
6573,-2.91,65.88,-11.58,0.54,3
6674,-4.84,31.14,-15.1,0.54,3
1590,34.83,26.62,11.28,0.53,7
6781,23.04,30.17,9.69,0.53,7
2230,2.66,38.43,9.44,0.53,4
2816,5.37,69.39,6.78,0.53,5
2514,2.44,51.3,2.48,0.53,4
6856,4.09,11.39,12.93,0.53,4
5515,1.34,40.07,4.55,0.53,4
6955,1.51,12.23,8.59,0.53,4
3512,5.45,60.06,7.32,0.53,5
2504,3,36.82,9.22,0.53,4
6215,0.95,17.27,10.78,0.53,4
3027,0.64,34.8,3.72,0.53,4
8423,0.95,45.52,3.03,0.53,4
4560,1.06,22.82,1.73,0.53,4
3306,1.83,9.36,55.84,0.53,4
2388,0.82,37.35,1.61,0.53,4
6225,0.31,9.44,8.61,0.53,4
2002,0.11,49.58,1.05,0.53,4
1569,-0.95,49.49,-2.26,0.53,3
1445,7.72,13.23,41.02,0.53,5
2417,0.01,28.33,1.94,0.53,4
3018,-1.72,87.05,-10.01,0.53,3
2428,10.21,30.78,8.73,0.52,6
5299,5.13,20.88,7.79,0.52,5
1513,3.25,63.89,6.54,0.52,4
4163,7.05,47.07,7,0.52,5
1527,2.67,10.67,6.79,0.52,4
3003,3.49,22.53,6.54,0.52,4
4137,13.03,42.18,10.68,0.52,6
3095,-1.16,91.35,-2.13,0.52,3
2354,3.01,21.58,3.06,0.52,4
8481,1.88,11.67,6.25,0.52,4
5489,0.62,15.49,2.17,0.52,4
1108,1.3,49.14,4.98,0.52,4
6174,0.29,22.14,8.23,0.52,4
2108,1.45,10.93,5.43,0.52,4
8403,0.99,46.87,2.28,0.52,4
3591,0.35,23.6,0.47,0.52,4
1907,1.1,48.7,3.84,0.52,4
6111,-3.39,58.07,-5.95,0.52,3
8104,-3.08,58.53,-3.99,0.52,3
1593,1.28,32.62,3.6,0.52,4
3062,-0.97,32.57,-4.37,0.52,3
6512,-0.98,11.78,-5.37,0.52,3
4744,0.27,43.05,1.39,0.52,4
3230,-2.5,52.32,-12.7,0.52,3
1441,-4.76,81.92,-15.02,0.52,3
3609,-5.73,69.28,-16.79,0.52,2
6894,7.86,18.38,10.45,0.51,5
6747,8.24,13.78,17.39,0.51,5
3289,5.15,56.54,4.09,0.51,5
4566,3.04,52.79,2.81,0.51,4
8068,-0.57,31.14,-0.38,0.51,3
7556,4.71,15.2,14.88,0.51,4
2938,3.75,60.02,4.5,0.51,4
4904,3.42,53.34,5.73,0.51,4
3708,12.88,39.29,8.32,0.51,6
OTC55,1.85,54.57,3.76,0.51,4
8415,3.04,39.88,9.11,0.51,4
O2326,2.07,42.56,5.45,0.51,4
8033,-0.18,38.64,-0.93,0.51,3
2243,-2.21,78.83,-4.66,0.51,3
4430,-2.84,50,-5.05,0.51,3
1512,0.04,82.91,-0.31,0.51,4
6142,-0.11,26.02,-0.21,0.51,3
1338,-1.96,42.97,-1.28,0.51,3
4433,0.53,66.98,0.28,0.51,4
2460,-1.05,60.6,-4.09,0.51,3
8089,-5.9,48.52,-19.15,0.51,2
6561,11.84,49.33,14.22,0.5,6
6863,6.17,16.49,6.86,0.5,5
3227,5.57,18.67,12.55,0.5,5
2718,7.9,46.51,16.5,0.5,5
1524,2.13,49.4,6.26,0.5,4
4561,2.74,47.72,6.63,0.5,4
6899,4.53,19.88,8.32,0.5,4
M1500,3,44.21,4.55,0.5,4
4908,2.63,11.05,10.82,0.5,4
6591,3.4,32.98,3.42,0.5,4
Y8886,2.31,51.76,3.75,0.5,4
OTC14,3.55,46.11,7.33,0.5,4
1809,-0.1,27.66,-1.63,0.5,3
4534,-1.53,48.96,-9.79,0.5,3
6133,0.09,43.11,-2.45,0.5,4
6168,0.52,18.29,5.49,0.5,4
M1800,0.06,41.37,-0.48,0.5,4
1802,0.01,43.95,-1.04,0.5,4
2208,-4.32,83.02,-9.62,0.5,3
3122,-1.04,36.68,-5.55,0.5,3
3672,-1.21,53.36,-4.78,0.5,3
3131,21.56,51.7,10.12,0.49,7
M2324,14.64,38.5,12.26,0.49,6
9943,8.81,30.07,13.64,0.49,5
3030,4.24,19.32,10.86,0.49,4
3265,6.16,21.37,10.9,0.49,5
5009,4.66,49.43,8.63,0.49,4
5222,5.88,15.54,17.01,0.49,5
2478,2.56,30.61,3.34,0.49,4
8383,1.49,17.79,4.54,0.49,4
2608,3.63,47.06,7.19,0.49,4
6840,-2.16,46.56,-4.22,0.49,3
3141,1.13,28.9,2.8,0.49,4
6508,1.05,18.57,2.69,0.49,4
2436,1.18,30.73,5.42,0.49,4
4739,-0.93,35.84,-0.76,0.49,3
1731,1.27,28.07,6.9,0.49,4
8923,0.88,47.41,3.12,0.49,4
2359,3.11,36.76,6.09,0.49,4
1236,0.16,37.03,-4.94,0.49,4
6125,3.2,50.42,5.17,0.49,4
5426,0.05,22.98,-0.08,0.49,4
3530,-3.7,23.88,-8.42,0.49,3
6796,2.2,40.89,6.74,0.49,4
5364,-1.77,72.9,-8.48,0.49,3
2321,-2.6,66.81,0.64,0.49,3
1533,-1.31,67.49,-2.63,0.49,3
5508,12.55,57.68,15.94,0.48,6
6782,4.79,36.87,4.4,0.48,4
2451,4.63,13.55,9.68,0.48,4
3037,7.88,55.42,5.42,0.48,5
3551,5.58,26.31,5.92,0.48,5
2748,2.76,43.14,5.93,0.48,4
4104,4.8,39.64,7.19,0.48,4
2049,5.75,31.73,3.84,0.48,5
1734,2.24,45.64,5.35,0.48,4
M1722,3.12,37.82,6.08,0.48,4
6423,1.19,13.6,8.24,0.48,4
8070,2.19,46.12,17.22,0.48,4
8222,0.88,45.24,4.19,0.48,4
6530,1.25,11.17,8.01,0.48,4
OTC97,1.48,64.89,3.25,0.48,4
1906,0.2,35.95,-6.47,0.48,4
4401,-0.13,54.21,-0.53,0.48,3
3339,0.34,42.36,1.64,0.48,4
5344,0.11,17.2,-1.49,0.48,4
1810,0.06,36.51,2.79,0.48,4
4513,1.44,52.01,4.36,0.48,4
3067,1.17,30.07,6.44,0.48,4
6144,-0.48,12.54,-4.15,0.48,3
6743,-0.05,66.99,-0.8,0.48,3
4764,-1,52.21,-2.79,0.48,3
5245,-3.22,43.51,-7.21,0.48,3
4198,4.49,34.12,18.31,0.48,4
3259,-4.34,16.27,-38.64,0.48,3
6855,6.29,30.52,13.07,0.47,5
3376,4.3,27.83,3.72,0.47,4
O2324,6.26,46.78,7.81,0.47,5
6771,4.76,42.92,10.53,0.47,4
M3500,4.06,49.23,4.73,0.47,4
8261,2.83,9.95,5.67,0.47,4
8150,2.6,46.16,3.76,0.47,4
3051,1.03,40.95,4.95,0.47,4
6870,4,27.47,6.43,0.47,4
1504,2.76,32.1,3.01,0.47,4
3438,0,11.47,28.17,0.47,3
M1400,1.77,47.65,3.43,0.47,4
6806,2.94,57.94,2.17,0.47,4
4999,0.05,15,-0.37,0.47,4
M1300,0.62,37.37,2.11,0.47,4
3057,-1.55,38.22,-11.23,0.47,3
4528,0.91,42.17,0.74,0.47,4
6830,5.59,39.71,6.18,0.47,5
6496,-1.98,29.98,-6.31,0.47,3
8050,5.22,36.42,7.15,0.46,5
3491,3.2,27.56,9,0.46,4
8917,2.38,52.43,6.98,0.46,4
5244,2.4,15.15,7.46,0.46,4
1234,2.36,18.08,4.49,0.46,4
8072,0.73,7.08,2.88,0.46,4
6666,1.86,23.21,2.73,0.46,4
3594,1.3,40.87,3.11,0.46,4
5703,0.55,49.79,3.35,0.46,4
6662,1.94,19.54,7.86,0.46,4
8064,0.96,48.17,2.95,0.46,4
2033,-0.04,17.32,0.06,0.46,3
4419,-0.31,24.62,-0.91,0.46,3
4406,-0.39,30.5,-5.76,0.46,3
6283,-1.19,31.8,-7.38,0.46,3
3191,-0.55,48.02,-10.61,0.46,3
4972,1.16,26.52,1.18,0.46,4
5223,-0.08,38.28,-1.16,0.46,3
6465,-1.66,61.32,-10.19,0.46,3
3288,0.14,51.31,1.51,0.46,4
3041,-8.75,36.93,-53.94,0.46,2
6645,-2.22,40.43,-11.3,0.46,3
6287,-2.1,89.39,-10.84,0.46,3
4569,3.26,7.2,3.96,0.45,4
9958,4.46,61.47,4.3,0.45,4
8255,7.68,34.9,9.46,0.45,5
1563,2.88,55.48,3.49,0.45,4
2467,3.12,57.34,11.45,0.45,4
2449,4.78,45.85,9.78,0.45,4
8182,1.16,41.73,5.36,0.45,4
3712,2.31,62.26,2.88,0.45,4
6951,2.61,40.6,9.61,0.45,4
4114,1.61,30.93,3.2,0.45,4
6895,2.7,7.86,9.4,0.45,4
6244,0.56,49.31,2.24,0.45,4
6265,-0.58,14.59,-4.67,0.45,3
8249,2.18,28.5,22.29,0.45,4
6834,-1.09,31.15,-4.71,0.45,3
2024,-0.56,40.07,-2.7,0.45,3
3466,-3.01,47.92,-10.87,0.45,3
6534,4.76,30.94,13.52,0.44,4
2850,9.22,62.75,7.23,0.44,5
3357,5.82,38.12,6.99,0.44,5
3264,5.79,46.6,8.56,0.44,5
6411,4.2,23.72,6.04,0.44,4
2231,3.2,48.78,3.13,0.44,4
6261,4.09,16.75,6.31,0.44,4
1708,-0.11,51.32,-0.14,0.44,3
3169,3.67,10.14,11.37,0.44,4
6425,-1.59,62.57,-2.99,0.44,3
9940,2.39,59.81,4.55,0.44,4
8462,1.5,82.37,1.23,0.44,4
4440,0.67,41.09,2.04,0.44,4
2481,2.15,48.98,3.39,0.44,4
5201,2.44,25.76,14.57,0.44,4
4306,1.3,59.19,4.02,0.44,4
6415,1.96,8.37,0.7,0.44,4
4538,1.12,10.59,6.24,0.44,4
5328,0.46,19.1,5.5,0.44,4
4510,0.97,58.24,1.5,0.44,4
3149,-0.82,66.69,-2.82,0.44,3
2025,0.81,5.56,14.31,0.44,4
8091,5.98,26.95,6.45,0.43,5
8109,8.03,20.28,14.01,0.43,5
4107,6.53,30.96,10.29,0.43,5
2412,4.76,24.63,7.38,0.43,4
6581,4.54,9.62,10.64,0.43,4
1568,2.67,30.23,10.98,0.43,4
2070,2.25,43.54,6.24,0.43,4
3390,1,35.74,5,0.43,4
1762,3.42,35.22,5.3,0.43,4
9925,2.43,33.94,8.64,0.43,4
1449,0.61,72,1.59,0.43,4
2484,1.64,22.47,6.16,0.43,4
1444,-0.28,37.48,-0.93,0.43,3
6164,-0.24,32.19,-2.88,0.43,3
3516,0.28,40.24,-0.06,0.43,4
8466,-0.98,60.92,-1.75,0.43,3
5460,-0.2,12.32,-2.28,0.43,3
6171,2.48,39.24,7.63,0.43,4
2926,-2.73,96.78,-0.78,0.43,3
1308,0.2,11.14,-1.02,0.43,4
3224,-1.94,16.81,-6.34,0.43,3
8409,-0.44,36.93,-2.71,0.43,3
3234,-4.68,46.06,-29.31,0.43,3
6153,-6.04,41.6,-11.77,0.43,2
4120,1.66,61.5,6.91,0.43,4
M2870,3.9,61.95,5.75,0.42,4
2851,2.61,64.65,3.95,0.42,4
2114,6.02,18.82,12.73,0.42,5
4951,3.31,12.42,11.82,0.42,4
5828,-2.04,83.22,-1.57,0.42,3
6173,2.64,20.06,7.5,0.42,4
3455,5.25,42.28,6.51,0.42,5
6960,1.48,72.49,4.08,0.42,4
3284,0.76,44.3,3.58,0.42,4
8074,0.7,37.75,2.38,0.42,4
1783,1.86,8.83,6.74,0.42,4
OTC17,-0.01,31.23,0.32,0.42,3
8162,-0.41,43.34,-1.17,0.42,3
O1722,-0.13,30.77,0.02,0.42,3
6177,5.08,73.61,5.73,0.42,5
2426,-0.44,27.47,-2.35,0.42,3
2007,-1.85,52.37,-8.09,0.42,3
4154,-3.05,50.02,-18.35,0.42,3
2330,32.34,37.04,15.79,0.41,7
7722,8.09,57.51,4.12,0.41,5
3583,8.1,78.92,4.23,0.41,5
6212,6.26,73.75,4.58,0.41,5
2848,4.58,72.38,6.12,0.41,4
6257,3.8,47.23,7.1,0.41,4
T2870,1.3,71.62,2.27,0.41,4
O1721,0.91,35.86,3.2,0.41,4
2303,4.93,35.7,12.43,0.41,4
6216,1.34,9.2,6.55,0.41,4
1603,2.99,36.64,6.67,0.41,4
6612,2.81,12.56,3.95,0.41,4
3706,1.48,30.79,2.25,0.41,4
1321,0.88,48.09,2.36,0.41,4
1737,1.5,21.29,2.26,0.41,4
6516,1.2,18.9,4.63,0.41,4
3052,1.04,56.13,2.41,0.41,4
2483,0.32,39.84,0.63,0.41,4
1452,0.39,5.66,4.89,0.41,4
3092,-1.58,58.91,-3.65,0.41,3
5484,-0.73,34.92,-4.92,0.41,3
5314,2.11,25.37,26.74,0.4,4
6640,3.57,61.26,8.9,0.4,4
3679,7.77,47.82,4.87,0.4,5
2852,2.11,57.78,4.24,0.4,4
3086,1.41,8.2,9.32,0.4,4
6205,2.1,31.5,6.49,0.4,4
2939,-1.76,7.51,-8.15,0.4,3
4747,2.24,16.11,5.01,0.4,4
8110,-0.01,38.59,2.67,0.4,3
1303,0.8,41.86,1.61,0.4,4
3703,2.09,60.75,3.54,0.4,4
3228,-1.65,16.15,-15.76,0.4,3
2349,-0.44,45.85,-1.61,0.4,3
2344,-0.29,47.34,-0.68,0.4,3
3576,-2.39,54.4,-11.39,0.4,3
6202,0.49,33.78,4.11,0.4,4
3373,-1.13,5.44,-7.04,0.4,3
9955,-0.79,53.53,-2.94,0.4,3
9919,3.37,62.78,8.23,0.4,4
6488,45.41,64.84,10.77,0.39,7
4736,10.67,22.23,8.66,0.39,6
5483,16.99,63.64,8.56,0.39,6
1777,5.63,20.11,8.87,0.39,5
6727,4.6,63.26,3.23,0.39,4
2420,3.55,31.32,9.73,0.39,4
5306,5.89,36.66,5.27,0.39,5
8069,6.85,33.45,14.6,0.39,5
9938,1.95,56.11,0.56,0.39,4
4768,2.76,21.62,5.55,0.39,4
1402,1.64,53.88,3.1,0.39,4
6552,0.09,40.5,3.06,0.39,4
1468,0.17,54.53,1.26,0.39,4
4155,0.02,21.92,-0.67,0.39,4
8021,-0.25,27.16,-1.37,0.39,3
1434,0.26,24.16,1.51,0.39,4
5490,-1.85,36.56,-9.05,0.39,3
8042,0.72,51.69,0.8,0.39,4
5438,0.09,19.73,16.41,0.39,4
2342,-1.12,30.82,-4.68,0.39,3
9929,-1.04,61.27,-4.94,0.39,3
4956,-1.38,37.94,-4.81,0.39,3
3625,-1.05,66.84,-3.84,0.39,3
6823,-1.09,53.54,-3.13,0.39,3
8446,8.23,43.91,13.67,0.38,5
6147,5.41,11.09,18.53,0.38,5
5347,4.5,55.38,7.63,0.38,4
8076,0.15,37.16,1.68,0.38,4
6584,0.13,44.97,0.17,0.38,4
2607,2.55,26.6,8.09,0.38,4
2401,-0.84,22.62,-0.92,0.38,3
3522,-2.06,65.25,-5.62,0.38,3
8171,-0.5,34.34,-1.7,0.38,3
1570,0.36,11.1,3.72,0.38,4
2405,0.04,14.74,1.31,0.38,4
1506,0.29,12.16,2.24,0.38,4
1301,1.15,34.55,3.15,0.38,4
1806,0,32.28,0,0.38,3
1517,-0.75,15.43,-3.01,0.38,3
1440,1.27,42.46,4.91,0.38,4
9949,-0.69,17.67,-7.12,0.38,3
8277,-0.74,20.69,-13.09,0.38,3
3372,-1.02,11.63,-7.93,0.38,3
6708,-1.03,9.6,-5.82,0.38,3
6664,12.65,58.44,10.7,0.37,6
2338,1.75,75.87,0.79,0.37,4
4572,6.21,20.1,10.73,0.37,5
5478,7.09,51.71,6.8,0.37,5
1339,5.88,25.41,8.19,0.37,5
6655,3.52,67.25,3.94,0.37,4
6859,2.57,19.33,4.62,0.37,4
2433,3.39,41.07,5.27,0.37,4
1583,6.46,45.92,5.24,0.37,5
8028,2.02,57.15,3.53,0.37,4
6712,7.24,11.22,26.64,0.37,5
5443,1.25,56.79,11.25,0.37,4
2371,1.13,52.17,2.82,0.37,4
8111,0.58,34.1,2.68,0.37,4
1530,2.18,43.18,2.73,0.37,4
2515,0.41,58.43,1.27,0.37,4
2009,-0.03,24.65,22.12,0.37,3
1417,-0.37,27.73,-1.12,0.37,3
3150,-0.7,10.45,-3.85,0.37,3
3580,2.63,50.58,4.85,0.37,4
2548,12.95,52.3,8.39,0.37,6
9906,6.24,84.02,5.12,0.37,5
6210,-4.04,12.67,-16.99,0.37,3
4190,0,73.55,-0.56,0.37,3
1589,-2.35,65.2,-1.68,0.37,3
5455,2.54,85.99,3.88,0.36,4
3680,10.24,45.33,8.9,0.36,6
3152,4.09,14.29,6.78,0.36,4
M2600,2.77,50.99,2.91,0.36,4
8936,2.88,37.6,5.68,0.36,4
3563,8.21,10.15,8.47,0.36,5
3499,-0.61,41.89,-3.88,0.36,3
3189,0.11,49.84,1.42,0.36,4
6182,1.05,31.28,3.12,0.36,4
6124,-0.47,27.62,-2.06,0.36,3
1526,0.76,47.77,1.79,0.36,4
2712,0.47,30.01,2.67,0.36,4
8935,-0.75,43.98,-5.13,0.36,3
5355,-0.82,16.54,-9.7,0.36,3
4576,0.04,34.65,0.56,0.36,4
6698,-1.3,36.64,-1.23,0.36,3
6598,-2.01,33.45,-14.57,0.36,3
6854,-4.78,14.95,-19.52,0.36,3
6141,-3.76,74.77,-6.78,0.36,3
2327,41.8,58.77,5.6,0.35,7
6679,6.95,4.93,13.48,0.35,5
6531,8.93,9.52,11.94,0.35,5
2739,4.52,91.29,3.34,0.35,4
9944,1.49,41.05,2.5,0.35,4
2492,4.09,40.05,4.53,0.35,4
9918,2,44.93,6.45,0.35,4
3532,8.92,48.26,8.09,0.35,5
1540,1.3,16.63,6.7,0.35,4
OTC89,1.64,52.39,3.82,0.35,4
4702,0.72,16.66,3.04,0.35,4
6606,0.95,21.85,5.09,0.35,4
1217,0.41,46.05,1.84,0.35,4
4977,4.26,23.94,6.36,0.35,4
6877,-0.52,44.3,-1.54,0.35,3
2614,-0.91,75.99,-1.87,0.35,3
4556,0.1,49.78,-0.45,0.35,4
8027,0.32,43.51,0.6,0.35,4
8054,-1.21,19.28,-3.23,0.35,3
4971,0.23,14.9,-0.09,0.35,4
6441,-1.42,32.43,-3.47,0.35,3
5351,-3.09,49.02,-12.08,0.35,3
3055,-0.49,28.34,-0.53,0.35,3
3498,-2.42,24.81,1.83,0.35,3
2603,16.7,35.67,4.85,0.34,6
8942,8.77,35.98,10.66,0.34,5
6271,5.5,27.39,3.44,0.34,5
2520,4.42,59.45,5.41,0.34,4
5519,3.69,59.23,6.36,0.34,4
6741,3.37,33.63,9.29,0.34,4
4543,2.41,31.15,5.73,0.34,4
6923,3.08,53.83,6.78,0.34,4
4907,2.24,80.15,2.64,0.34,4
8927,0.35,72.13,0.53,0.34,4
5251,-1.84,18.66,-11.64,0.34,3
4729,0.34,57.68,-2.34,0.34,4
2340,0.7,31.97,2.41,0.34,4
4737,0.1,62.4,0.51,0.34,4
2431,-0.85,13.71,-5.74,0.34,3
4577,-4.52,50.79,-10.82,0.34,3
5210,-1.56,34.61,-13.78,0.34,3
2337,-0.92,37.89,-1.17,0.34,3
5228,-2,51.39,-5.87,0.34,3
6451,4.1,50.91,1.49,0.34,4
1532,2.56,68.26,2.06,0.33,4
2211,8.8,22.59,15.99,0.33,5
8086,0.42,14.99,0.99,0.33,4
1786,2.66,24.7,8.38,0.33,4
3310,3.81,73.2,6.13,0.33,4
6510,0.99,8.45,-0.01,0.33,4
1813,0.24,26.4,-0.3,0.33,4
2646,0.08,86,-0.09,0.33,4
4130,0.27,8.23,4.87,0.33,4
6994,0.94,70.77,2.1,0.33,4
5398,-0.64,9.35,-5.99,0.33,3
4523,-0.25,49.94,-0.03,0.33,3
8024,-0.86,8.6,-5.48,0.33,3
3494,-1.52,69.3,-13.54,0.33,3
3714,-9.02,23.33,-11.07,0.33,2
4804,-3.41,76.59,-22.05,0.33,3
4746,1.05,39.79,-0.39,0.33,4
4540,-1.09,58,-1.34,0.33,3
4991,-7.18,16.87,-19.78,0.33,2
5269,32.19,9.53,22.7,0.32,7
6719,0.63,8.4,0.4,0.32,4
5203,2.81,22.28,3.54,0.32,4
3645,-1.06,41.79,-3.1,0.32,3
3031,1.05,14.73,6.16,0.32,4
3615,0.88,25.93,2.29,0.32,4
2302,0.52,23.93,2.66,0.32,4
1531,0.08,13.92,-0.21,0.32,4
3002,0.11,25.29,1.36,0.32,4
8472,-2.92,69.26,-4.33,0.32,3
2609,1.37,29.27,1.11,0.31,4
8422,9.12,55.54,7.02,0.31,5
8077,2.26,89.71,1.57,0.31,4
1442,4.71,58.92,10.17,0.31,4
2832,2.7,50.94,7.35,0.31,4
2539,2.24,53.34,8.28,0.31,4
8341,3.4,49.21,3.59,0.31,4
3266,1.94,54.08,4.63,0.31,4
5533,3.12,19.01,7.31,0.31,4
3024,0.39,45.46,0.87,0.31,4
6226,-0.65,47.9,-3.14,0.31,3
4562,-0.92,53.68,-3.06,0.31,3
2104,-0.51,37.62,-0.5,0.31,3
4503,-1.27,11.28,-8.53,0.31,3
3085,-1.75,45.56,-22.36,0.31,3
2241,-2.47,39.34,-8.51,0.31,3
6462,-9.97,34.79,-3.44,0.31,2
2235,2.42,24.29,4.55,0.3,4
3188,2.05,61.15,5.61,0.3,4
6642,1.81,25.28,4.69,0.3,4
4772,1.13,4.55,8.55,0.3,4
4716,-0.18,40.98,-1.31,0.3,3
1595,1.04,39.57,1.17,0.3,4
8404,-1.9,73.07,-4.23,0.3,3
2613,0.71,69.1,1.01,0.3,4
2477,0.24,44.65,0,0.3,4
6233,0.04,8.95,6.2,0.3,4
4555,-0.51,34.66,-1.58,0.3,3
5525,2.5,69.3,4.03,0.3,4
4541,-1.12,59.81,-1.93,0.3,3
6198,2.37,37.99,6.57,0.3,4
2323,1.61,26.18,7.95,0.3,4
8038,0,50.52,0.09,0.3,3
2059,28.38,20.14,13.58,0.29,7
2615,-2.07,37.95,-1.59,0.29,3
6207,1.84,55.03,5.73,0.29,4
2375,2.44,36.94,1.87,0.29,4
9926,2.61,52.99,9.16,0.29,4
6789,1.13,33.95,1.4,0.29,4
3441,0.51,21.74,1.61,0.29,4
1465,0.56,15.06,2.9,0.29,4
1536,1.17,60.4,1.41,0.29,4
8011,0.09,52.05,0.53,0.29,4
6578,-1.07,31.66,-4.54,0.29,3
4976,-1.91,19.55,-8.1,0.29,3
6742,0.42,24.22,1.5,0.29,4
8067,-0.77,54.17,-6.17,0.29,3
4164,2.55,50.23,3.23,0.29,4
3713,-0.27,75.62,-0.94,0.29,3
5211,-4.56,12.74,-26.26,0.29,3
6875,0.07,14.7,0.79,0.29,4
6187,1.7,44.72,5.24,0.28,4
4909,0.42,8.8,1.68,0.28,4
Y9999,3.81,78.13,2.8,0.28,4
6184,3.52,33.91,7.15,0.28,4
1525,5.5,16.82,5.61,0.28,5
2017,-0.68,40.06,3.03,0.28,3
OTC25,2.44,69.9,3.49,0.28,4
4133,0.72,5.12,3.13,0.28,4
2903,1.95,72,3.27,0.28,4
1104,3.13,19.55,7.75,0.28,4
4109,1.62,24.25,12.48,0.28,4
5498,0.06,44.29,-1.67,0.28,4
3167,0.16,51.12,-0.53,0.28,4
5206,2.3,74.87,3,0.28,4
2348,13.86,72.28,6.95,0.27,6
1597,1.12,40.74,2.37,0.27,4
6103,-0.53,24.61,-4.13,0.27,3
2415,-0.22,68.52,-0.5,0.27,3
1789,0.36,11.58,1.68,0.27,4
9928,-0.14,87.95,0.63,0.27,3
3308,5.94,46.42,20.18,0.27,5
1432,0.67,83.8,0.73,0.27,4
4426,-0.24,44.27,-0.81,0.27,3
3508,-1.96,75.25,-7.11,0.27,3
6431,-1.82,46.52,-10.64,0.27,3
6426,-2.68,10.58,-7.87,0.27,3
6684,-6.38,10.33,-18.36,0.27,2
3008,134.13,15.18,10.56,0.26,7
2540,3.91,74.84,4.81,0.26,4
2362,1.81,56.39,0.29,0.26,4
2316,4.61,37.93,6.27,0.26,4
4167,0.09,11.98,0.67,0.26,4
2722,0.69,26.53,3.67,0.26,4
6219,2.02,85.52,1.94,0.26,4
2406,-0.99,39.98,-9.2,0.26,3
5301,-0.61,21.65,-9.79,0.26,3
5487,-1.2,10.43,-5.07,0.26,3
5272,-0.56,12.03,4.16,0.26,3
5475,-1.67,54.3,-11.34,0.26,3
1312,-1.59,41.07,-3.16,0.26,3
4583,10.89,9.44,7.99,0.25,6
1102,3.28,43.02,4.17,0.25,4
3083,0.01,7.26,16.19,0.25,4
3691,-8.82,34.88,-11.48,0.25,2
6234,1.27,34.97,3.8,0.25,4
M2500,2.32,63.01,3.66,0.25,4
5834,-2.9,80.62,-5.96,0.25,3
1611,0.46,20.83,4.03,0.25,4
1529,0.92,41.73,4.79,0.25,4
6127,0.57,63.95,1.34,0.25,4
4950,-4.05,47.15,-71.02,0.25,3
6763,21.66,57.95,6.8,0.24,7
M9900,4.51,74.7,3.4,0.24,4
3622,3.75,10.43,17.99,0.24,4
6446,-1.93,12.18,-2.37,0.24,3
8473,0.27,51.68,1.37,0.24,4
M1100,1.87,43.05,2.86,0.24,4
6155,0.85,28.98,4.11,0.24,4
1101,1.06,45.91,1.61,0.24,4
1459,0.07,39.17,-0.5,0.24,4
6770,-0.4,50.31,-0.86,0.24,3
2736,-0.4,44.32,-1.16,0.24,3
3535,-0.42,33.72,-1.81,0.24,3
6130,-1.81,17.22,-12.04,0.24,3
8085,-1,46.49,-0.01,0.24,3
2466,0.18,56.61,0.31,0.24,4
3630,-3.35,54.55,-9.55,0.24,3
6668,-3.24,48.14,-7.75,0.24,3
2254,-0.78,58.73,-2.1,0.24,3
8101,-2.79,85.01,-30.05,0.24,3
3105,-0.19,48.89,1.74,0.23,3
5522,4.76,52.71,3.86,0.23,4
6185,0.66,14.9,3.22,0.23,4
6237,-1.34,6.5,-5.77,0.23,3
2596,0.82,43.64,2,0.23,4
1815,-1.44,51.08,-6.39,0.23,3
1799,-1.27,48.61,-15.01,0.23,3
6116,-1.63,20.53,-10.32,0.23,3
3518,-0.59,21.49,-4.04,0.23,3
3521,-2.76,46.87,-16.13,0.23,3
3490,0.94,15.31,3.1,0.22,4
6464,5.78,55.65,2.79,0.22,5
3064,-0.27,71.44,-5.87,0.22,3
2201,4.63,77.11,2.15,0.22,4
8107,-0.84,54.6,-1.54,0.22,3
2495,0.88,36.39,3.72,0.22,4
3050,0.5,46.02,1.75,0.22,4
9902,0.32,8.56,2.34,0.22,4
4911,1.3,13.57,8.69,0.22,4
4173,1.03,64.03,3.58,0.22,4
2365,0.33,15.18,2.49,0.22,4
6560,-0.76,9.6,-3.58,0.22,3
3081,-2.31,11.91,-4.11,0.22,3
3555,-0.71,51.08,-6.13,0.22,3
6735,0.33,10.12,1.33,0.21,4
8087,4.1,59.39,13.22,0.21,4
9931,1.44,55.9,5.57,0.21,4
8926,1.82,40.4,4.86,0.21,4
4119,2.7,23.78,8.53,0.21,4
2904,0.84,37.13,3.16,0.21,4
5534,6.32,55.89,3.98,0.21,5
3094,0.61,10.29,4.35,0.21,4
6762,3.31,59.07,3.53,0.21,4
5701,-0.35,74.75,-0.28,0.21,3
5468,-1.29,50.05,-8.25,0.21,3
5205,-1.55,38.35,-17.79,0.21,3
2390,-0.42,15.7,-2.93,0.21,3
5464,0.8,73.62,1.06,0.2,4
2605,0.76,24.77,2.57,0.2,4
1409,0.47,75.98,1.57,0.2,4
2305,0.03,22.13,0.2,0.2,4
2101,0.16,75.11,0.11,0.2,4
2008,2.24,54.25,12.6,0.2,4
8059,0.04,32.42,0.18,0.2,4
3297,-0.37,28.95,-1.62,0.2,3
4420,40.44,37.69,46.42,0.2,7
2724,-0.06,61.3,3.35,0.2,3
6706,-5.13,43.85,-5.01,0.2,2
6533,-2.01,9.84,-1.9,0.2,3
2637,4.38,48.75,3.03,0.19,4
6186,2.97,83.86,2.36,0.19,4
4162,1.91,2.3,6.94,0.19,4
3687,1.75,55.01,4.06,0.19,4
2501,1.87,65.21,3,0.19,4
1315,3.66,6.34,4.88,0.19,4
3164,0.38,12.34,0.57,0.19,4
1722,4,32.86,5.09,0.19,4
2542,1.33,74.73,3.91,0.19,4
1419,2.17,29.1,10.5,0.19,4
5512,0.33,56.88,0.88,0.19,4
1110,0.26,23.65,2.99,0.19,4
8450,-3.71,49.91,-12.81,0.19,3
6236,-0.96,9.07,-16.04,0.19,3
6477,1.21,55.49,2.28,0.19,4
4142,-1.52,39.08,-8.2,0.19,3
2606,3.24,58.05,4.4,0.18,4
1229,2.64,22.72,18,0.18,4
8367,3.25,72.61,2.63,0.18,4
2612,1.66,50.25,1.68,0.18,4
9908,2.32,27.06,8.74,0.18,4
2511,0.37,43.84,1.71,0.18,4
1314,-0.28,45.94,-0.53,0.18,3
6654,-1.77,59.29,-2.28,0.18,3
2424,-3.95,56.14,-32.58,0.18,3
4946,-10.66,65.65,-57.07,0.18,1
5864,3.18,25.81,13.99,0.17,4
1713,2.32,5.58,14.33,0.17,4
2702,0.16,61.62,0.32,0.17,4
5263,-2.79,37.64,-3.94,0.17,3
3489,0.12,70.73,0.23,0.17,4
2924,-1.05,35.93,-11.92,0.17,3
4564,-1.87,43.12,-4.79,0.17,3
9945,2.65,42.45,11.69,0.16,4
8499,8.97,6.29,3.22,0.16,5
2611,2.48,22.87,13.78,0.16,4
2617,3.98,34.97,4.78,0.16,4
2442,1.67,69.62,3.06,0.16,4
2641,1.69,30.56,4.8,0.16,4
1410,0.24,16.42,1.03,0.16,4
4707,0.92,28.5,4.59,0.16,4
8906,-0.89,68.37,-1.78,0.16,3
4171,-2.89,26.67,-12.24,0.16,3
1337,-1.53,3.97,-10.26,0.16,3
4131,-1.87,35.99,-20.27,0.16,3
4726,-3.32,35.09,-16.6,0.16,3
1471,-0.29,9.23,-4.88,0.15,3
1457,2.55,53.14,5.6,0.15,4
6136,0.9,2.61,32.15,0.15,4
2601,-2.02,69.05,-7.17,0.15,3
4402,-0.43,6.47,-3.79,0.15,3
2408,-2.4,13.22,-3.77,0.15,3
1456,0.05,87.17,0.05,0.15,4
5608,-1.26,54.11,-2.56,0.15,3
6969,-2.74,67.52,-10.7,0.15,3
5907,-10.66,79.07,-8.8,0.15,1
9941,11.07,86.85,2.16,0.14,6
8354,0.79,54.34,1.55,0.14,4
2491,0.45,12.83,3.79,0.14,4
1325,0.21,3.77,0.78,0.14,4
3252,0.01,48.23,0.22,0.14,4
2705,-0.51,69.14,-0.57,0.14,3
8097,-0.69,3.91,-2.6,0.14,3
4609,-0.78,74.59,-5.08,0.14,3
6582,-1.02,6.05,0.96,0.14,3
6958,1.47,89.3,0.54,0.13,4
2901,0.41,13.08,2.93,0.13,4
1414,0.15,30.23,2.24,0.13,4
2547,-0.11,80.49,-0.03,0.13,3
1213,-2.45,72.27,-14.77,0.13,3
1591,-1.43,13.06,-12.34,0.13,3
3176,-4.03,41.4,-15.71,0.13,3
1340,-5.64,9.13,-20.81,0.13,2
1446,0.8,67.15,2.32,0.12,4
1742,0.41,65.43,1.26,0.12,4
1443,1.29,77.16,4.01,0.12,4
6026,1.61,55.91,6.88,0.12,4
5607,2.91,60.35,3.79,0.12,4
2633,1.39,82.29,1.95,0.12,4
2910,1.17,53.69,3.58,0.12,4
1463,0.65,19.1,4.25,0.12,4
5202,1.81,6.12,15.43,0.12,4
4147,-0.77,34.1,-4.87,0.12,3
6733,-1.3,8.92,-18.64,0.12,3
5905,-0.15,58.7,-0.34,0.12,3
3066,-1.26,28.4,-9.51,0.12,3
4188,-0.85,6.77,-8.22,0.12,3
8437,0.52,23.19,-1.53,0.12,4
1436,9.69,73.88,6.71,0.12,5
3523,-2.7,68.13,14.95,0.12,3
6576,-8.14,33.14,-65.47,0.12,2
6588,-3.07,21.05,-8.3,0.12,3
4303,1.83,38.47,8.3,0.11,4
5871,15.15,82.69,2.67,0.11,6
5859,1.76,94.51,1.2,0.11,4
2905,-3.09,96.89,0.48,0.11,3
Y5555,2.04,85.61,1.74,0.11,4
8937,0.71,45.87,2.43,0.11,4
4157,0.19,9.02,14.55,0.11,4
5213,2.59,78.15,2.11,0.11,4
6199,0.46,14.51,1.61,0.11,4
2506,0.12,34.63,-1.46,0.11,4
8291,-1.5,88.09,-20.17,0.11,3
4128,-2.11,8.38,-9.67,0.11,3
2438,-1,48.88,-7.1,0.11,3
5865,3.26,91.43,3.91,0.1,4
000960,4.28,77.59,2.91,0.1,4
2833,1.99,93.56,2.21,0.1,4
2823,2.07,93.84,1.75,0.1,4
6592,6.41,87.19,1.34,0.1,5
6015,0.51,69.37,1.59,0.1,4
2923,0.32,58.8,-0.35,0.1,4
2107,1.61,13.18,9.14,0.1,4
1805,-1.55,49.66,-7.44,0.1,3
3040,1.02,7.15,10.41,0.1,4
1453,0.57,30.09,3.1,0.1,4
2527,2.22,57.76,10.02,0.1,4
6649,-0.24,12.34,-1.4,0.1,3
5514,0.14,46.53,3.18,0.1,4
2498,-4.09,49.97,-6.28,0.1,3
5846,2.57,92.64,1.93,0.09,4
2545,2.32,78.67,1.46,0.09,4
2434,-0.98,28.73,-5.61,0.09,3
6016,1.68,77.85,2.72,0.09,4
000930,2.3,81.48,4.03,0.09,4
2530,0.61,55,2.29,0.09,4
3354,-1.19,24.49,-6.93,0.09,3
2528,0.64,75.3,1.19,0.09,4
6228,-1.51,44.99,-8.33,0.09,3
3049,-1.12,32.77,-6.31,0.09,3
5531,-0.2,74.37,-1.09,0.09,3
6589,-3,10.26,-7.55,0.09,3
T2871,-0.54,93.94,1.38,0.08,3
2855,1.98,77.15,2.47,0.08,4
0009A0,2.37,84.69,2.75,0.08,4
6021,0.35,61.97,9.36,0.08,4
2867,-2.11,97.38,0.41,0.08,3
M2871,-2.11,97.38,0.41,0.08,3
4714,0.14,37.71,1.47,0.08,4
6020,1.29,40.22,7.65,0.08,4
2534,1.1,54.52,1.86,0.08,4
2536,0.69,70.58,0.54,0.08,4
1103,0.12,38.52,1.58,0.08,4
6405,-1.31,3.1,-2.97,0.08,3
6404,-5.77,40.15,-153.31,0.08,2
3629,-2.29,17.22,-38.82,0.08,3
2474,13.33,38.39,3.5,0.07,6
6008,3.97,85.98,2.11,0.07,4
T3000,2.65,80.49,2.69,0.07,4
1437,2.82,40.81,4.74,0.07,4
000980,2.09,83.42,1.89,0.07,4
2856,1.55,79.21,3.35,0.07,4
2524,1.2,52.12,1.22,0.07,4
1416,0.51,22.43,-0.33,0.07,4
5831,-2.33,95.58,0.49,0.07,3
3056,0.9,69.16,1.42,0.07,4
4108,-0.24,3.4,-0.38,0.07,3
5324,-0.53,85.14,-1.01,0.07,3
1316,-0.68,53.94,-1.2,0.07,3
5345,-1.51,21.33,-25.96,0.07,3
2704,1.34,23,29.49,0.06,4
5530,2.88,66.25,4.26,0.06,4
M3000,2.21,81.08,2.52,0.06,4
OTC30,2.03,76.44,3.53,0.06,4
6005,1.9,82.44,2.64,0.06,4
5604,0.83,19.32,3.21,0.06,4
9946,0.27,58.84,1.04,0.06,4
3686,-0.38,0.96,-4.04,0.06,3
6264,-0.98,80.27,-5.34,0.06,3
5481,-0.4,23.32,-1.69,0.06,3
6547,-3.53,36.87,-18.07,0.06,3
2258,-1.2,9.76,-10.89,0.06,3
6499,-13.09,13.67,-37.28,0.06,1
5310,0.01,20.94,0.16,0.05,4
5601,0.48,25.95,1.48,0.05,4
3054,0.06,6.07,2.21,0.05,4
3432,-0.6,17.28,-2.87,0.05,3
6841,-0.44,4.22,-2.33,0.05,3
6240,-0.45,59.25,0.36,0.05,3
4192,-1.19,5.61,-10.1,0.05,3
4123,-1.5,25.13,-3.93,0.05,3
4905,5.61,19.36,4.17,0.04,5
6024,4.8,85.46,2.07,0.04,4
1439,2,41.31,6.46,0.04,4
4113,-0.69,79.71,-0.99,0.04,3
2505,0.8,44.98,3.34,0.04,4
2537,-0.2,74.16,-0.39,0.04,3
1423,0.57,8.99,8.91,0.04,4
1718,-1.18,91.19,0.65,0.04,3
2102,-3.76,47.81,26.91,0.04,3
5529,-1.15,77.98,-2.32,0.04,3
6169,-0.69,25.45,-3.7,0.04,3
6872,-1.17,10.89,-13.68,0.04,3
6794,-1.56,13.05,-15.29,0.04,3
6023,6.39,87.12,2.1,0.03,5
3313,0.01,16.72,-0.11,0.03,4
2701,0.53,13.35,5.09,0.03,4
2706,0.6,13.34,3.98,0.03,4
8429,-0.08,10.04,-2.01,0.03,3
1438,-0.71,82.91,-0.68,0.03,3
3073,-0.99,66.38,-3.79,0.03,3
6535,-1.47,13.75,-14.14,0.03,3
2915,7.19,15.47,16.63,0.02,5
1235,1.1,55.69,9.67,0.02,4
2538,0.94,69.26,7.22,0.02,4
5833,1.73,70.77,1.33,0.02,4
3631,-0.6,44.93,-2.95,0.02,3
1903,0.33,50.61,-9.58,0.02,4
2913,-0.36,41.13,-1.29,0.02,3
6838,-2.59,33.95,-25.63,0.02,3
2509,-1.09,54.59,-2.31,0.02,3
6919,-3.94,2.24,-19.3,0.02,3
6541,-16.58,70.29,-68.06,0.02,1
4416,-0.03,88.77,0.1,0.01,3
1435,-0.3,12.02,24.06,0.01,3
6222,-0.5,1.46,-6.69,0.01,3
5302,-0.34,27.17,-3.04,0.01,3
2363,0.76,0.76,25.2,0.01,4
3115,-0.68,4.76,-13.44,0.01,3
4743,-2.91,5.64,-8.41,0.01,3
6617,-0.81,13.43,-6.22,0.01,3
4529,-1.03,6.81,-24.59,0.01,3
6461,-2.81,56.92,-12.85,0.01,3
6657,-3.62,2.97,-35.68,0.01,3
6949,-8.62,16.7,-32.59,0.01,2
4174,-4.57,11.72,-20.66,0.01,3
4806,-0.54,26.63,-6.45,0,3
6891,-0.48,4.67,-4.95,0,3
4712,-0.16,16.74,10.32,0,3
6885,-6.84,2.37,-50.65,0,2
6550,-2.12,16.1,-17.04,0,3
1418,0.74,71.61,1,0,4
4168,-1.65,17.8,-10.95,0,3
6492,-3.32,3.39,-19.62,0,3
6901,-3.32,1.38,-21.32,0,3
